{
  "Skin-Lesion": {
    "float": {
      "dice": 0.9075082979693366,
      "iou": 0.8306775202800462,
      "acc": 0.9450431823730511,
      "f1": 0.9075083030624438
    },
    "integer": {
      "dice": 0.8864577304610741,
      "iou": 0.7960701220871913,
      "acc": 0.9336936950683644,
      "f1": 0.8864577368543791
    }
  },
  "Flood": {
    "float": {
      "dice": 0.8880903869720026,
      "iou": 0.7987073558556052,
      "acc": 0.9074737548828196,
      "f1": 0.8880903932725306
    },
    "integer": {
      "dice": 0.8878137870283787,
      "iou": 0.7982600185775282,
      "acc": 0.907207489013679,
      "f1": 0.8878137933464307
    }
  },
  "BUSI": {
    "float": {
      "dice": 0.657332558979153,
      "iou": 0.48957212999776134,
      "acc": 0.9500328063964854,
      "f1": 0.6573325849646707
    },
    "integer": {
      "dice": 0.6631928907261128,
      "iou": 0.496102157241222,
      "acc": 0.9498960494995127,
      "f1": 0.6631929160890256
    }
  },
  "Brain-MRI-Seg": {
    "float": {
      "dice": 0.7239759268908508,
      "iou": 0.5673685490328413,
      "acc": 0.9926961521206774,
      "f1": 0.7239759449776312
    },
    "integer": {
      "dice": 0.6113470437143882,
      "iou": 0.4402446564832843,
      "acc": 0.9876588927912834,
      "f1": 0.6113470714891155
    }
  }
}