{
  "Skin-Lesion": {
    "float": {
      "dice": 0.8387318750610581,
      "iou": 0.722255142502218,
      "acc": 0.919129103243708,
      "f1": 0.8387318846647482
    },
    "fixed_point": {
      "dice": 0.6599573032072259,
      "iou": 0.4924897578164888,
      "acc": 0.8623346416298265,
      "f1": 0.6599573269665903
    }
  },
  "Flood": {
    "float": {
      "dice": 0.8726513763780114,
      "iou": 0.7740741045785275,
      "acc": 0.8989678744612122,
      "f1": 0.872651383674397
    },
    "fixed_point": {
      "dice": 0.8681790771826055,
      "iou": 0.7670639936762247,
      "acc": 0.8944112843480659,
      "f1": 0.868179084772572
    }
  }
}