{
  "Skin-Lesion": {
    "float": {
      "dice": 0.8387318750610581,
      "iou": 0.722255142502218,
      "acc": 0.919129103243708,
      "f1": 0.8387318846647482
    },
    "fixed-point": {
      "dice": 0.8387320216855918,
      "iou": 0.7222553599583624,
      "acc": 0.9191280372604401,
      "f1": 0.8387320312892806
    }
  },
  "Flood": {
    "float": {
      "dice": 0.8726513763780114,
      "iou": 0.7740741045785275,
      "acc": 0.8989678744612122,
      "f1": 0.872651383674397
    },
    "fixed-point": {
      "dice": 0.8726572608912292,
      "iou": 0.7740833649056275,
      "acc": 0.898972609947473,
      "f1": 0.8726572681872287
    }
  }
}