{
  "Skin-Lesion": {
    "float": {
      "dice": 0.9075082979693366,
      "iou": 0.8306775202800462,
      "acc": 0.9450431823730511,
      "f1": 0.9075083030624438
    },
    "integer": {
      "dice": 0.8864577304610741,
      "iou": 0.7960701220871913,
      "acc": 0.9336936950683644,
      "f1": 0.8864577368543791
    }
  },
  "Flood": {
    "float": {
      "dice": 0.8880903869720026,
      "iou": 0.7987073558556052,
      "acc": 0.9074737548828196,
      "f1": 0.8880903932725306
    },
    "integer": {
      "dice": 0.8878137870283787,
      "iou": 0.7982600185775282,
      "acc": 0.907207489013679,
      "f1": 0.8878137933464307
    }
  }
}