{
  "MNIST": {
    "float": 99.01428571428572,
    "fixed_point": 99.01428571428572
  },
  "CIFAR10": {
    "float": 91.43333333333334,
    "fixed_point": 91.43333333333334
  },
  "Brain-MRI": {
    "float": 96.80555555555556,
    "fixed_point": 96.80555555555556
  }
}