{
  "MNIST": {
    "float": 99.01428571428572,
    "integer": 99.01428571428572
  },
  "CIFAR10": {
    "float": 91.43333333333334,
    "integer": 91.55
  },
  "Brain-MRI": {
    "float": 96.80555555555556,
    "integer": 95.27777777777777
  }
}