{
  "MNIST": {
    "float": 99.01428571428572,
    "integer": 99.01428571428572,
    "fixed-point": 99.01428571428572
  },
  "CIFAR10": {
    "float": 91.43333333333334,
    "integer": 91.55,
    "fixed-point": 91.43333333333334
  },
  "Brain-MRI": {
    "float": 96.80555555555556,
    "integer": 95.27777777777777,
    "fixed-point": 96.80555555555556
  },
  "CHEST": {
    "float": 93.0723606168446,
    "integer": 93.03677342823251,
    "fixed-point": 93.0723606168446
  },
  "Brain-Cancer": {
    "float": 97.66666666666667,
    "integer": 97.8,
    "fixed-point": 97.66666666666667
  },
  "Breast-Cancer": {
    "float": 98.6,
    "integer": 98.7,
    "fixed-point": 98.6
  },
  "Kidney-Cancer": {
    "float": 96.0,
    "integer": 82.6,
    "fixed-point": 96.0
  },
  "Oral-Cancer": {
    "float": 91.20879120879121,
    "integer": 90.60939060939062,
    "fixed-point": 91.20879120879121
  },
  "Lymphoma-Cancer": {
    "float": 92.93333333333334,
    "integer": 92.93333333333334,
    "fixed-point": 92.93333333333334
  }
}