{
  "CHEST": {
    "float": 93.0723606168446,
    "integer": 93.03677342823251
  }
}