{
  "MNIST": {
    "float": 98.8,
    "fixed_point": 98.74285714285715
  },
  "CIFAR10": {
    "float": 64.88333333333334,
    "fixed_point": 64.8
  },
  "Brain-MRI": {
    "float": 94.16666666666667,
    "fixed_point": 36.94444444444444
  }
}