{
  "MNIST": {
    "float": 98.8,
    "integer": 98.74285714285715
  },
  "CIFAR10": {
    "float": 64.88333333333334,
    "integer": 64.81666666666666
  },
  "Brain-MRI": {
    "float": 94.16666666666667,
    "integer": 36.666666666666664
  }
}